x,y
-0,0
0.0509289,0.0932575
0.106416,0.195901
0.16144,0.297436
0.215542,0.396995
0.280208,0.515605
0.334867,0.615055
0.39616,0.72626
0.460537,0.84413
0.529414,0.969677
0.599898,1.09746
0.672122,1.22846
0.722884,1.32049
0.792202,1.44617
0.864894,1.57791
0.91402,1.66685
0.963565,1.75666
1.03637,1.88864
1.085,1.97684
1.15842,2.10994
1.23116,2.24156
1.30518,2.37565
1.37725,2.50604
1.44838,2.63481
1.49719,2.72314
1.5469,2.81331
1.61681,2.93986
1.68881,3.07012
1.73814,3.15931
1.80889,3.28722
1.88183,3.41897
1.93211,3.50989
1.985,3.60588
2.0372,3.70027
2.0946,3.80405
2.15006,3.9045
2.2054,4.00482
2.26453,4.1117
2.32493,4.22118
2.3855,4.33078
2.44931,4.44619
2.5136,4.56272
2.5784,4.67999
2.64555,4.80159
2.71323,4.9243
2.78065,5.04639
2.85115,5.17393
2.91867,5.29627
2.98462,5.41564
3.05271,5.53897
3.11955,5.66007
3.18898,5.78563
3.25853,5.91144
3.32944,6.03984
3.40135,6.16998
3.47523,6.30333
3.54915,6.43693
3.62325,6.57103
3.69906,6.70785
3.77648,6.84776
3.8541,6.9878
3.93121,7.12684
4.00884,7.267
4.0846,7.40382
4.16197,7.54361
4.24114,7.68674
4.32,7.82912
4.39857,7.97114
4.47886,8.11612
4.56097,8.26432
4.64417,8.41438
4.72726,8.56419
4.81126,8.71573
4.89513,8.86703
4.97743,9.01548
5.05744,9.15984
5.14143,9.31139
5.22179,9.45637
5.30254,9.6021
5.38346,9.74807
5.4641,9.89355
5.5433,10.0363
5.62413,10.1822
5.70685,10.3314
5.78682,10.4756
5.87172,10.6289
5.95508,10.7792
6.03992,10.9325
6.12643,11.0886
6.21615,11.2503
6.30324,11.407
6.38941,11.5621
6.47879,11.7228
6.56608,11.8801
6.65725,12.0444
6.74129,12.1957
6.8297,12.3549
6.91468,12.508
7.00012,12.6618
7.08538,12.8154
7.17177,12.9712
7.25987,13.1299
7.34393,13.2815
7.43478,13.4453
7.51974,13.5984
7.60742,13.7566
7.69775,13.9198
7.78641,14.08
7.87599,14.2417
7.96765,14.4068
8.05675,14.5675
8.14736,14.7309
8.23559,14.8902
8.32616,15.0536
8.41777,15.2187
8.51049,15.3861
8.6023,15.5516
8.69509,15.7189
8.78951,15.8892
8.83962,15.9795
8.97727,16.2279
9.07319,16.4011
9.16658,16.5699
9.25847,16.7358
9.30696,16.8235
9.40489,17.0004
9.54394,17.2515
9.642,17.4285
9.73983,17.6052
9.83783,17.7821
9.89202,17.8799
9.94457,17.9747
10.0392,18.1454
10.1386,18.3248
10.1897,18.417
10.2423,18.5121
10.2915,18.6008
10.3409,18.6898
10.4401,18.869
10.4909,18.9604
10.5402,19.0494
10.5932,19.1453
10.6479,19.2439
10.725,19.3832
10.7848,19.491
10.8494,19.6077
10.8993,19.6975
10.9506,19.7902
11.0563,19.9807
11.1075,20.0732
11.1584,20.165
11.2103,20.2584
11.2632,20.3538
11.3664,20.54
11.4205,20.6374
11.4741,20.734
11.5251,20.826
11.5777,20.9207
11.6798,21.1049
11.7349,21.2043
11.785,21.2947
11.8356,21.386
11.8871,21.4789
11.9945,21.6728
12.0479,21.7689
12.1007,21.8643
12.2011,22.0452
12.3157,22.252
12.3698,22.3495
12.4239,22.4471
12.4789,22.5463
12.5336,22.6449
12.6442,22.8443
12.6999,22.9448
12.7547,23.0435
12.8107,23.1444
12.8668,23.2454
12.9752,23.4408
13.0322,23.5435
13.0885,23.6448
13.1447,23.746
13.2041,23.853
13.3137,24.0507
13.3704,24.1528
13.4262,24.2534
13.4836,24.3569
13.5407,24.4596
13.6567,24.6685
13.7108,24.766
13.7719,24.8761
13.8314,24.9834
13.8893,25.0876
14.0074,25.3002
14.0667,25.4068
14.1254,25.5126
14.1869,25.6233
14.2457,25.7291
14.3634,25.9409
14.4253,26.0523
14.4844,26.1585
14.5439,26.2655
14.6026,26.3711
14.7212,26.5846
14.7858,26.7009
14.8429,26.8037
14.9012,26.9085
14.9578,27.0103
15.0756,27.2223
15.1369,27.3326
15.1987,27.4438
15.2538,27.543
15.3131,27.65
15.4281,27.857
15.4871,27.9632
15.5424,28.0628
15.6031,28.1722
15.6607,28.2758
15.7744,28.4807
15.8344,28.5888
15.89,28.689
15.9472,28.792
16.0041,28.8943
16.1169,29.0974
16.1735,29.1993
16.2305,29.3018
16.2867,29.403
16.3415,29.5016
16.453,29.7026
16.5088,29.8031
16.5646,29.9036
16.62,30.0036
16.6734,30.0998
16.7837,30.2986
16.838,30.3965
16.8932,30.496
16.9466,30.5923
17,30.6887
17.1088,30.8848
17.1655,30.9871
17.2201,31.0854
17.2744,31.1834
17.3284,31.2808
17.4397,31.4815
17.497,31.585
17.5541,31.6879
17.611,31.7904
17.6672,31.8918
17.7794,32.0939
17.8395,32.2024
17.8951,32.3027
17.952,32.4053
18.0083,32.5067
18.1229,32.7134
18.1811,32.8183
18.2385,32.9219
18.2977,33.0286
18.3524,33.1274
18.47,33.3394
18.5231,33.4351
18.5819,33.541
18.6376,33.6414
18.6978,33.75
18.806,33.945
18.8628,34.0475
18.9199,34.1503
18.9773,34.2537
19.0338,34.3558
19.1479,34.5615
19.2043,34.6631
19.2602,34.7638
19.3173,34.8667
19.3735,34.968
19.488,35.1743
19.5506,35.2871
19.6066,35.388
19.6631,35.4897
19.7234,35.5983
19.84,35.8084
19.8986,35.9142
19.9578,36.0208
20.0167,36.1268
20.0761,36.2338
20.1977,36.4528
20.2521,36.5508
20.3149,36.6641
20.3749,36.7722
20.4318,36.8749
20.5487,37.0856
20.6101,37.1962
20.6673,37.2992
20.7259,37.4049
20.7854,37.512
20.9035,37.7247
20.9625,37.8308
21.0206,37.9353
21.0793,38.0407
21.1367,38.1442
21.2521,38.3516
21.3102,38.4563
21.3728,38.569
21.4264,38.6654
21.4877,38.7757
21.5966,38.9719
21.6532,39.0739
21.7095,39.1753
21.769,39.2823
21.825,39.3831
21.9364,39.5838
21.9929,39.6855
22.0489,39.7864
22.106,39.8892
22.164,39.9936
22.2712,40.1865
22.3258,40.285
22.3795,40.3819
22.4352,40.4825
22.4901,40.5818
22.5977,40.7766
22.6521,40.8748
22.7071,40.9739
22.7604,41.0698
22.8144,41.1665
22.922,41.3582
22.9751,41.452
23.0285,41.5457
23.0809,41.6371
23.1379,41.7359
23.2447,41.9181
23.3002,42.0119
23.355,42.1035
23.4101,42.1948
23.4644,42.2838
23.5744,42.461
23.6301,42.5493
23.6864,42.6373
23.7424,42.7238
23.8011,42.8134
23.9114,42.9776
23.9695,43.0625
24.0839,43.2259
24.1432,43.3086
24.261,43.4683
24.3804,43.6252
24.5048,43.7829
24.6219,43.9259
24.7456,44.0714
24.8715,44.2137
24.9978,44.3504
25.1238,44.4815
25.2525,44.6095
25.384,44.7342
25.5152,44.8532
25.6483,44.9684
25.7822,45.0779
25.9215,45.1851
26.0553,45.2824
26.1964,45.3789
26.3398,45.4707
26.4853,45.5595
26.6317,45.6454
26.7846,45.7309
26.9279,45.8077
27.0756,45.8834
27.231,45.9601
27.3789,46.0305
27.5357,46.1017
27.6935,46.1708
27.8568,46.2406
28.0202,46.3088
28.1904,46.378
28.3546,46.4439
28.5247,46.5105
28.6971,46.5769
28.87,46.6423
29.0479,46.7089
29.222,46.7735
29.4028,46.8405
29.6589,46.9359
29.834,47.0012
30.0958,47.099
30.2689,47.1635
30.4405,47.2274
30.6121,47.2914
30.7875,47.3567
30.9547,47.4195
31.1218,47.4824
31.2932,47.5468
31.4635,47.6105
31.63,47.6722
31.7986,47.7339
31.9667,47.7945
32.1315,47.8527
32.3003,47.9117
32.4666,47.9681
32.6321,48.0225
32.7966,48.075
32.9612,48.1255
33.1251,48.1733
33.2893,48.2192
33.4531,48.2634
33.6161,48.306
33.7771,48.3475
33.9879,48.402
34.0975,48.4301
34.2587,48.4704
34.4177,48.509
34.5755,48.5458
34.732,48.5807
34.8846,48.6131
35.046,48.6457
35.2022,48.6755
35.3565,48.7033
35.5147,48.7296
35.662,48.7523
35.814,48.7733
35.9652,48.7921
36.1147,48.8086
36.2588,48.8225
36.4099,48.8343
36.5542,48.8432
36.6978,48.8498
36.8411,48.8535
36.9824,48.8545
37.1204,48.8529
37.2582,48.8483
37.3941,48.8408
37.5271,48.8303
37.6606,48.816
37.7917,48.7992
37.9227,48.7798
38.0506,48.7584
38.1792,48.7349
38.3072,48.7098
38.4362,48.682
38.5666,48.6524
38.6982,48.6205
38.8369,48.5853
38.9721,48.5493
39.1107,48.5106
39.2516,48.4698
39.3959,48.4265
39.5458,48.3805
39.6914,48.3344
39.8421,48.2858
39.9947,48.2357
40.1491,48.1843
40.3051,48.1314
40.4669,48.0756
40.6317,48.0182
40.7926,47.9622
40.9572,47.9048
41.1192,47.8487
41.2922,47.7887
41.4608,47.7304
41.7217,47.6398
41.9007,47.5784
42.1715,47.4854
42.3546,47.4226
42.5419,47.3588
42.7322,47.2938
42.9261,47.2278
43.0224,47.1949
43.121,47.1613
43.3188,47.0941
43.4196,47.0597
43.525,47.0236
43.6239,46.9897
43.7254,46.9552
44.0392,46.8485
44.1483,46.8116
44.2538,46.7758
44.3604,46.7396
44.579,46.6655
44.6884,46.6283
44.7982,46.5909
44.9124,46.5522
45.0216,46.5151
45.2477,46.4385
45.3602,46.4003
45.4759,46.3609
45.5907,46.322
45.7073,46.2823
45.8097,46.2475
46.0611,46.1622
46.1847,46.1203
46.3061,46.0791
46.427,46.0381
46.6748,45.954
46.8,45.9117
46.9266,45.8688
47.0644,45.8223
47.1932,45.7787
47.4546,45.6902
47.5888,45.6448
47.7233,45.5994
47.865,45.5514
48.0084,45.5028
48.1257,45.4631
48.4328,45.3593
48.5749,45.3114
48.7179,45.263
48.8687,45.2119
48.9909,45.1706
49.3118,45.0619
49.4643,45.0103
49.6211,44.9573
49.7751,44.9051
49.9032,44.8617
50.2332,44.7501
50.3968,44.6948
50.5562,44.6409
50.7155,44.5872
50.8622,44.5374
51.2027,44.4222
51.371,44.3652
51.5334,44.3102
51.6991,44.2543
51.8401,44.2066
52.1948,44.0865
52.3655,44.0286
52.534,43.9715
52.6998,43.9155
53.0353,43.8018
53.2026,43.745
53.3787,43.6853
53.5479,43.628
53.7214,43.5692
53.8637,43.5209
54.2247,43.3986
54.3988,43.3395
54.5688,43.2815
54.7409,43.2226
54.8852,43.1733
55.2543,43.0475
55.4402,42.9848
55.6076,42.9286
55.7776,42.8723
55.9236,42.8244
56.2932,42.7052
56.4731,42.6484
56.6474,42.5943
56.8214,42.5411
56.9727,42.4957
57.3482,42.3862
57.5286,42.3354
57.7025,42.2876
57.8818,42.2399
58.2346,42.1508
58.4083,42.1094
58.5883,42.0678
58.763,42.0294
58.9413,41.992
59.2901,41.9252
59.4678,41.894
59.6464,41.865
59.8235,41.8383
59.9978,41.8148
60.1488,41.7965
60.525,41.7581
60.7059,41.7434
60.8831,41.7312
61.0607,41.7216
61.2099,41.7152
61.5861,41.7043
61.7641,41.702
61.9417,41.7017
62.1175,41.7024
62.2667,41.7041
62.6385,41.711
62.8171,41.7152
62.9898,41.7195
63.1652,41.7244
63.3164,41.7294
63.6855,41.7444
63.8641,41.7534
64.0391,41.7632
64.2069,41.7735
64.3523,41.7828
64.7171,41.8075
64.8933,41.819
65.077,41.8313
65.2415,41.8418
65.3819,41.851
65.7446,41.8747
65.9182,41.8862
66.0868,41.8977
66.2564,41.9098
66.3985,41.9203
66.7157,41.9454
66.9359,41.9642
67.1395,41.9828
67.2498,41.9934
67.4117,42.0099
67.7525,42.0474
67.9181,42.0676
68.0797,42.0886
68.2424,42.1115
68.3972,42.1342
68.741,42.1869
68.9066,42.2144
69.0606,42.2413
69.2087,42.2689
69.3632,42.2991
69.6894,42.368
69.848,42.4042
70.0051,42.4418
70.1507,42.4785
70.3001,42.5179
70.6117,42.6064
70.7665,42.6534
70.9136,42.7001
71.0552,42.7472
71.1934,42.7953
71.4998,42.9091
71.6475,42.9676
71.7883,43.0255
71.9187,43.0815
72.051,43.141
72.3331,43.2747
72.4695,43.3431
72.603,43.4128
72.7266,43.4798
72.8493,43.5492
73.1143,43.7083
73.2412,43.7892
73.3731,43.8769
73.4862,43.9549
73.592,44.0314
73.8352,44.2166
73.9524,44.3107
74.0635,44.4033
74.1709,44.4954
74.2732,44.5865
74.4944,44.7913
74.6026,44.8957
74.6989,44.9905
74.7989,45.0915
74.8942,45.1901
75.1013,45.4119
75.1962,45.5173
75.2931,45.6277
75.3806,45.7296
75.4657,45.8316
75.6509,46.0627
75.7369,46.1751
75.8214,46.2889
75.8978,46.3953
75.9727,46.5036
76.1345,46.7492
76.2067,46.8645
76.2808,46.9876
76.3442,47.0996
76.4083,47.2139
76.5476,47.4703
76.6106,47.5899
76.6762,47.7179
76.734,47.8329
76.7923,47.9523
76.915,48.212
76.9727,48.3381
77.033,48.4729
77.0872,48.5963
77.1872,48.8296
77.2489,48.9763
77.3034,49.1075
77.3627,49.2515
77.4096,49.3667
77.4917,49.5722
77.56,49.746
77.6196,49.9
77.6699,50.0309
77.7189,50.1589
77.7686,50.2893
77.8784,50.5771
77.9323,50.7183
77.9892,50.8674
78.0389,50.9979
78.1379,51.2606
78.1978,51.4211
78.252,51.5657
78.3035,51.7022
78.3528,51.832
78.4025,51.9628
78.5151,52.2521
78.5701,52.3904
78.6268,52.5313
78.684,52.6711
78.7361,52.7964
78.8551,53.0774
78.9151,53.2158
78.9763,53.3553
79.0329,53.4824
79.0905,53.6093
79.223,53.8935
79.2859,54.0241
79.3494,54.1533
79.4111,54.2755
79.4789,54.4062
79.6167,54.6635
79.6877,54.7925
79.7578,54.9182
79.8229,55.0332
79.8933,55.156
80.0494,55.4241
80.1241,55.5504
80.1956,55.6707
80.2641,55.7853
80.3331,55.8999
80.4922,56.1616
80.5669,56.2845
80.6377,56.4013
80.708,56.5173
80.777,56.6315
80.928,56.8818
81.003,57.0062
81.0766,57.1283
81.1469,57.2448
81.2152,57.3582
81.3639,57.6046
81.4396,57.7302
81.5139,57.8537
81.5807,57.9644
81.6486,58.077
81.7968,58.3227
81.8701,58.4442
81.9419,58.5629
82.0097,58.6745
82.0779,58.7868
82.2269,59.0334
82.2991,59.1528
82.3698,59.27
82.4382,59.3834
82.5037,59.492
82.6486,59.7322
82.7233,59.856
82.797,59.9782
82.8647,60.0905
82.9305,60.1996
83.0818,60.4505
83.1562,60.574
83.2271,60.6917
83.3041,60.8195
83.4462,61.0553
83.5279,61.1909
83.6033,61.3157
83.6791,61.4416
83.7487,61.557
83.8223,61.679
83.9823,61.9442
84.0596,62.0716
84.1358,62.1971
84.213,62.3241
84.2834,62.4401
84.4466,62.7103
84.5231,62.8377
84.5988,62.9645
84.6744,63.0919
84.7442,63.2108
84.9012,63.4816
84.9767,63.6145
85.0461,63.7387
85.1135,63.8609
85.1787,63.9814
85.3249,64.2555
85.3985,64.3956
85.4626,64.5183
85.529,64.6463
85.6581,64.8943
85.7334,65.0385
85.802,65.1697
85.8695,65.2987
85.9376,65.4291
86.0606,65.6658
86.1421,65.824
86.205,65.9472
86.2675,66.0703
86.3297,66.1937
86.4506,66.4377
86.5235,66.5875
86.5829,66.7111
86.6382,66.8274
86.7054,66.9713
86.812,67.2045
86.8808,67.3589
86.9369,67.4874
86.9902,67.6118
87.0445,67.741
87.1406,67.9783
87.1991,68.1279
87.2467,68.253
87.2977,68.3907
87.3421,68.5143
87.4235,68.7514
87.4726,68.9016
87.5144,69.0348
87.5525,69.1607
87.5892,69.2867
87.6534,69.5229
87.692,69.6751
87.7216,69.7986
87.7524,69.9342
87.7788,70.0577
87.8242,70.2934
87.8486,70.4354
87.8674,70.5551
87.887,70.6935
87.903,70.8206
87.9269,71.05
87.9386,71.1906
87.9473,71.319
87.9538,71.4379
87.9585,71.5525
87.9626,71.7805
87.9621,71.9151
87.96,72.0268
87.9562,72.1449
87.9508,72.2595
87.9435,72.3702
87.9233,72.5995
87.9109,72.7113
87.8967,72.8225
87.8818,72.9267
87.8644,73.0335
87.8224,73.255
87.7978,73.368
87.7743,73.4675
87.7483,73.5699
87.6973,73.7509
87.6631,73.8625
87.632,73.9578
87.5991,74.0535
87.5635,74.1512
87.5012,74.3092
87.4569,74.4136
87.3787,74.5844
87.2995,74.7421
87.2069,74.91
87.116,75.0608
86.9774,75.2681
86.9187,75.3494
86.8098,75.4918
86.6551,75.6767
86.5331,75.8114
86.413,75.9372
86.2264,76.1188
86.0897,76.2429
85.8939,76.41
85.8122,76.4754
85.6624,76.5914
85.4448,76.7515
85.3532,76.8165
85.1892,76.9296
85.0442,77.0263
84.8673,77.1405
84.7769,77.1973
84.692,77.25
84.6037,77.3036
84.3372,77.4592
84.2435,77.511
84.0816,77.6372
83.9372,77.7604
83.8463,77.8374
83.7679,77.9037
83.6761,77.9804
83.458,78.1557
83.3672,78.2246
83.2843,78.2848
83.2012,78.3422
83.035,78.4454
82.85,78.5451
82.7588,78.5898
82.5818,78.6706
82.3097,78.7897
82.1315,78.8675
82.0386,78.908
81.773,79.0254
81.6814,79.0663
81.509,79.1439
81.246,79.2643
81.0727,79.3456
80.9119,79.4254
80.7374,79.5129
80.5668,79.5974
80.4103,79.6749
80.2325,79.7628
80.0738,79.8422
79.9213,79.9197
79.7515,80.0082
79.5956,80.0907
79.4465,80.171
79.2844,80.261
79.1258,80.3526
78.9815,80.4411
78.833,80.537
78.7425,80.5968
78.6194,80.6789
78.4,80.8247
78.2471,80.9281
78.1097,81.0236
77.9554,81.1328
77.8055,81.2399
77.6636,81.3419
77.5026,81.4578
77.4178,81.5187
77.2719,81.6233
77.0303,81.7964
76.9475,81.8556
76.8648,81.9149
76.7105,82.0259
76.5353,82.1526
76.4507,82.2136
76.3669,82.2736
76.2067,82.3883
76.0322,82.5132
75.9448,82.5757
75.7746,82.6973
75.5137,82.8837
75.4228,82.9486
75.3346,83.0118
75.2525,83.0702
75.1682,83.1306
74.9806,83.2647
74.8743,83.3405
74.7891,83.4013
74.705,83.4613
74.6144,83.5261
74.4893,83.6155
74.3923,83.6849
74.2045,83.8193
74.1061,83.89
74.0098,83.9597
73.9191,84.0254
73.826,84.0925
73.6207,84.2402
73.518,84.3138
73.4168,84.3863
73.3221,84.4543
73.227,84.5223
73.0106,84.6771
72.9046,84.7527
72.7997,84.8275
72.7007,84.8981
72.6007,84.9695
72.3798,85.1272
72.2674,85.2073
72.1639,85.2811
72.0552,85.3584
71.9466,85.4356
71.7081,85.6056
71.5876,85.6915
71.4671,85.7776
71.3554,85.8571
71.1151,86.0286
70.9937,86.1155
70.8705,86.2038
70.7545,86.2872
70.6332,86.3742
70.3873,86.5504
70.2647,86.638
70.1398,86.7266
70.0154,86.8149
69.9022,86.8947
69.7844,86.9771
69.519,87.1609
69.39,87.2487
69.2623,87.3348
69.1416,87.415
69.023,87.4929
68.7503,87.6697
68.6156,87.7559
68.4871,87.8376
68.3596,87.9184
68.2389,87.9944
67.9514,88.1754
67.8225,88.2568
67.6931,88.3385
67.5673,88.4183
67.4442,88.4963
67.1675,88.6725
67.033,88.7583
66.9093,88.8376
66.7777,88.9219
66.6536,89.0013
66.3686,89.1828
66.2294,89.2708
66.0972,89.3537
65.9691,89.4337
65.8382,89.5147
65.5567,89.6867
65.4194,89.769
65.2836,89.8493
65.1563,89.9234
65.0286,89.9967
64.728,90.1666
64.5863,90.2454
64.4457,90.323
64.313,90.3959
64.1834,90.4666
63.8765,90.6342
63.7279,90.7156
63.5902,90.7912
63.447,90.8698
63.3206,90.9393
63.0155,91.1075
62.8671,91.1892
62.7118,91.2747
62.5704,91.3527
62.4371,91.4261
62.1188,91.6016
61.9626,91.6881
61.8111,91.7714
61.6685,91.8499
61.533,91.9243
61.2062,92.1039
61.0523,92.1885
60.9047,92.2697
60.76,92.3492
60.6165,92.428
60.2929,92.6059
60.1343,92.6932
59.9842,92.7758
59.8417,92.8542
59.6992,92.9327
59.3719,93.1127
59.2152,93.199
59.0541,93.2875
58.9078,93.368
58.7619,93.4483
58.4319,93.6297
58.2619,93.7232
58.0949,93.815
57.9351,93.9029
57.6188,94.0768
57.4543,94.1672
57.2876,94.259
57.1256,94.3481
56.962,94.438
56.806,94.5238
56.4701,94.7088
56.2921,94.8066
56.1183,94.9023
55.9775,94.9799
55.8254,95.0635
55.482,95.2525
55.3123,95.3458
55.1396,95.4407
54.9788,95.5294
54.8247,95.6139
54.4842,95.8013
54.3085,95.898
54.156,95.9818
54.0022,96.0665
53.6714,96.2483
53.5117,96.3361
53.347,96.4266
53.1905,96.5125
53.0313,96.6002
52.8669,96.6906
52.5347,96.8733
52.3744,96.9614
52.2155,97.0489
52.0531,97.1381
51.9049,97.2197
51.5599,97.4093
51.3918,97.5017
51.2277,97.5918
51.0726,97.6772
50.914,97.7643
50.5695,97.9537
50.3969,98.0485
50.2366,98.1367
50.0648,98.2313
49.9056,98.3189
49.5621,98.5078
49.3867,98.6042
49.2183,98.6967
49.0559,98.7861
48.8999,98.8719
48.5486,99.0651
48.3749,99.1606
48.2081,99.2524
48.046,99.3418
47.8809,99.4325
47.5305,99.6252
47.3663,99.7156
47.2004,99.8069
47.0384,99.8962
46.8818,99.9823
46.5366,100.172
46.3666,100.266
46.2039,100.355
46.0457,100.442
45.8919,100.527
45.5447,100.718
45.3723,100.813
45.2059,100.905
45.0494,100.991
44.897,101.075
44.5563,101.263
44.3854,101.357
44.2252,101.445
44.072,101.529
43.9178,101.614
43.579,101.801
43.4129,101.893
43.2416,101.987
43.0922,102.069
42.9486,102.148
42.6095,102.335
42.4439,102.426
42.2866,102.513
42.1372,102.595
41.9873,102.678
41.6497,102.864
41.4871,102.953
41.329,103.04
41.1807,103.122
41.036,103.202
40.7008,103.386
40.5435,103.473
40.3876,103.559
40.2334,103.644
40.0922,103.722
39.7626,103.903
39.6029,103.991
39.447,104.077
39.2991,104.159
39.156,104.237
38.8244,104.42
38.6635,104.509
38.506,104.595
38.3543,104.679
38.2105,104.757
37.8827,104.937
37.7117,105.03
37.5535,105.117
37.3893,105.207
37.2429,105.288
36.8975,105.479
36.7298,105.571
36.5658,105.661
36.4077,105.749
36.2518,105.834
35.9033,106.027
35.7255,106.124
35.5555,106.218
35.3973,106.305
35.2407,106.391
34.8832,106.587
34.7076,106.683
34.5363,106.778
34.3702,106.869
34.2075,106.958
33.8393,107.16
33.6589,107.26
33.4799,107.358
33.3097,107.452
32.9443,107.653
32.7679,107.75
32.5832,107.852
32.4097,107.947
32.2309,108.045
31.8657,108.246
31.6862,108.344
31.5023,108.444
31.3238,108.542
31.1486,108.639
30.7804,108.84
30.6029,108.937
30.4114,109.041
30.2353,109.138
30.0537,109.237
29.8814,109.331
29.4856,109.547
29.2968,109.651
29.1009,109.758
28.9272,109.854
28.7517,109.95
28.3567,110.168
28.1644,110.274
27.981,110.376
27.8024,110.474
27.4198,110.684
27.2339,110.786
27.0414,110.891
26.8543,110.993
26.6725,111.092
26.4872,111.193
26.1022,111.404
25.9164,111.505
25.7257,111.61
25.5525,111.705
25.3752,111.802
24.9891,112.013
24.7997,112.117
24.6177,112.216
24.4304,112.319
24.2462,112.419
23.8725,112.622
23.6828,112.726
23.4975,112.826
23.3226,112.922
22.943,113.13
22.7589,113.232
22.5742,113.335
22.3938,113.437
22.2201,113.536
22.047,113.637
21.6736,113.857
21.4894,113.968
21.3115,114.075
21.1409,114.178
20.9698,114.282
20.6019,114.505
20.4232,114.612
20.2415,114.722
20.0753,114.822
19.908,114.923
19.5437,115.141
19.3455,115.26
19.241,115.323
19.0699,115.426
18.8464,115.561
18.4865,115.78
18.3059,115.891
18.1355,115.997
17.9637,116.105
17.7957,116.211
17.4443,116.437
17.2715,116.551
17.0922,116.67
16.937,116.775
16.7802,116.883
16.4372,117.125
16.273,117.244
16.1128,117.361
15.9588,117.474
15.8075,117.588
15.4845,117.839
15.3264,117.966
15.1654,118.098
15.025,118.216
14.8862,118.336
14.5752,118.614
14.4299,118.75
14.2899,118.884
14.1612,119.012
14.0326,119.142
13.7551,119.435
13.6221,119.582
13.4972,119.723
13.3787,119.862
13.2608,120.003
13.0072,120.322
12.8918,120.473
12.7809,120.621
12.6765,120.766
12.577,120.908
12.3575,121.24
12.2592,121.396
12.1578,121.564
12.0683,121.717
11.9885,121.858
11.8099,122.193
11.7279,122.357
11.6487,122.524
11.5798,122.676
11.5076,122.844
11.3722,123.18
11.3097,123.347
11.2495,123.516
11.1988,123.666
11.1478,123.826
11.0465,124.169
11.0014,124.337
10.9608,124.497
10.924,124.654
10.8895,124.812
10.8228,125.157
10.7943,125.326
10.7694,125.489
10.7485,125.642
10.7303,125.794
10.6964,126.128
10.6839,126.289
10.6741,126.448
10.6673,126.596
10.6629,126.745
10.6606,127.058
10.6631,127.219
10.6681,127.376
10.6748,127.519
10.6837,127.662
10.7097,127.969
10.726,128.118
10.7438,128.265
10.7622,128.399
10.7826,128.534
10.8352,128.837
10.864,128.983
10.892,129.113
10.9213,129.237
10.9536,129.365
11.03,129.642
11.0699,129.773
11.1112,129.902
11.1503,130.021
11.1936,130.145
11.2896,130.401
11.3409,130.527
11.3916,130.646
11.4392,130.752
11.4911,130.862
11.6133,131.104
11.6742,131.218
11.7323,131.323
11.796,131.431
11.8604,131.535
12.0104,131.762
12.0813,131.863
12.1611,131.973
12.2349,132.072
12.309,132.168
12.4751,132.375
12.5577,132.474
12.6416,132.572
12.7202,132.662
12.8,132.75
12.9846,132.947
13.0727,133.039
13.1638,133.132
13.2503,133.22
13.3355,133.305
13.5252,133.491
13.6225,133.586
13.7139,133.674
13.8008,133.758
13.886,133.84
14.077,134.025
14.1683,134.113
14.2569,134.2
14.3436,134.285
14.4308,134.37
14.6178,134.555
14.7088,134.645
14.7942,134.73
14.8789,134.814
14.9642,134.9
15.1473,135.087
15.2335,135.176
15.3207,135.266
15.4008,135.35
15.4827,135.436
15.6565,135.622
15.742,135.714
15.8194,135.798
15.9002,135.888
15.9784,135.975
16.1456,136.168
16.228,136.266
16.3014,136.356
16.3732,136.445
16.4454,136.537
16.5994,136.737
16.6758,136.838
16.7457,136.932
16.8135,137.025
16.88,137.117
17.025,137.321
17.0961,137.422
17.1655,137.522
17.2304,137.616
17.2949,137.71
17.4376,137.92
17.504,138.019
17.5705,138.119
17.6334,138.213
17.6997,138.312
17.8391,138.519
17.91,138.624
17.9789,138.726
18.0441,138.822
18.111,138.921
18.2574,139.138
18.3293,139.244
18.3993,139.348
18.4704,139.453
18.5354,139.549
18.6833,139.77
18.7559,139.878
18.8293,139.988
18.8964,140.088
18.9669,140.193
19.1188,140.42
19.1948,140.533
19.2684,140.643
19.3393,140.749
19.4123,140.859
19.5644,141.088
19.6432,141.206
19.7213,141.324
19.7912,141.429
19.8643,141.54
20.0259,141.784
20.1055,141.904
20.1795,142.015
20.2537,142.127
20.3295,142.241
20.4918,142.487
20.5756,142.614
20.6553,142.736
20.7339,142.855
20.8085,142.967
20.9799,143.223
21.0603,143.343
21.142,143.466
21.2214,143.585
21.3023,143.706
21.4775,143.969
21.5623,144.096
21.6467,144.223
21.728,144.346
21.8107,144.47
21.988,144.737
22.0755,144.869
22.169,145.011
22.247,145.129
22.3279,145.251
22.5097,145.529
22.6005,145.667
22.689,145.8
22.774,145.929
22.8574,146.055
23.0465,146.34
23.138,146.478
23.2289,146.615
23.3162,146.746
23.4044,146.879
23.5972,147.169
23.69,147.309
23.7881,147.457
23.8796,147.595
23.9672,147.727
24.169,148.032
24.2659,148.177
24.3655,148.327
24.4564,148.464
24.5505,148.605
24.7602,148.919
24.8621,149.071
24.9623,149.222
25.0584,149.366
25.158,149.515
25.3703,149.833
25.4768,149.993
25.5838,150.154
25.6804,150.299
25.7787,150.447
25.9906,150.766
26.1042,150.936
26.2122,151.097
26.3139,151.248
26.409,151.389
26.6302,151.713
26.739,151.87
26.8496,152.029
26.9477,152.168
27.0514,152.313
27.2785,152.623
27.3915,152.774
27.5041,152.922
27.6146,153.064
27.7321,153.212
27.9739,153.508
28.0902,153.646
28.2098,153.785
28.3201,153.911
28.4365,154.041
28.6886,154.315
28.814,154.446
28.9378,154.573
29.0598,154.695
29.1824,154.813
29.4496,155.063
29.5842,155.185
29.716,155.303
29.8371,155.408
29.9637,155.516
30.2485,155.75
30.3764,155.851
30.5114,155.955
30.6368,156.049
30.777,156.151
31.0509,156.343
31.1899,156.436
31.3318,156.528
31.4662,156.612
31.5969,156.69
31.8901,156.854
32.0353,156.931
32.1814,157.005
32.3145,157.07
32.4499,157.133
32.753,157.267
32.9004,157.328
33.0462,157.385
33.183,157.437
33.3224,157.487
33.6193,157.587
33.7671,157.633
33.9118,157.675
34.0471,157.712
34.1851,157.747
34.4501,157.807
34.625,157.841
34.7931,157.871
34.9503,157.895
35.1025,157.916
35.231,157.931
35.519,157.956
35.6604,157.964
35.7983,157.97
35.9389,157.972
36.069,157.972
36.3578,157.964
36.4948,157.955
36.63,157.944
36.7719,157.93
36.9012,157.914
37.171,157.875
37.3043,157.853
37.4366,157.829
37.5695,157.804
37.6957,157.777
37.9652,157.715
38.0971,157.682
38.2283,157.648
38.3546,157.614
38.4773,157.58
38.7401,157.501
38.8695,157.46
38.9955,157.419
39.1249,157.375
39.2759,157.323
39.4818,157.249
39.6221,157.199
39.7447,157.154
39.8679,157.108
39.9945,157.062
40.2345,156.973
40.3604,156.927
40.4812,156.883
40.6081,156.837
40.7225,156.796
40.9658,156.709
41.0864,156.667
41.2069,156.625
41.327,156.584
41.4433,156.544
41.6869,156.462
41.815,156.418
41.9268,156.38
42.0451,156.339
42.1572,156.3
42.3967,156.218
42.5153,156.177
42.6323,156.137
42.7464,156.098
42.8583,156.059
43.0928,155.979
43.2118,155.938
43.3331,155.896
43.4446,155.858
43.5468,155.823
43.779,155.743
43.8929,155.704
44.0065,155.665
44.1198,155.626
44.2262,155.589
44.4539,155.51
44.5639,155.472
44.6751,155.433
44.7847,155.395
44.8911,155.358
45.1159,155.281
45.2288,155.242
45.3373,155.205
45.4415,155.169
45.5459,155.133
45.7629,155.059
45.8722,155.021
45.9792,154.984
46.0845,154.948
46.1929,154.911
46.4006,154.84
46.5099,154.802
46.6148,154.766
46.72,154.73
46.8178,154.697
47.0296,154.624
47.1409,154.586
47.2504,154.548
47.3489,154.514
47.444,154.479
47.6461,154.408
47.7465,154.372
47.8483,154.337
47.9468,154.303
48.0436,154.27
48.2477,154.199
48.3507,154.164
48.4487,154.13
48.5488,154.096
48.6435,154.064
48.8433,153.995
48.9413,153.961
49.0389,153.927
49.1352,153.894
49.4258,153.793
49.5212,153.76
49.6198,153.726
49.8037,153.662
49.9845,153.6
50.1622,153.539
50.3205,153.486
50.4803,153.432
50.6314,153.383
50.7707,153.339
50.9021,153.295
51.0253,153.254
51.1288,153.22
51.2273,153.187
51.3522,153.146
51.4491,153.115
51.5649,153.081
